date,revenue
2020-07-25,15972.49
2020-07-26,15010.16
2020-07-27,13508.85
2020-07-28,14623.2
2020-07-29,14875.77
2020-07-30,14879.64
2020-07-31,22941.23
2020-08-01,20517.72
2020-08-02,14532.35
2020-08-03,13399.74
2020-08-04,10103.55
2020-08-05,10103.71
2020-08-06,10856.48
2020-08-07,8574.14
2020-08-08,10531.35
2020-08-09,12014.08
2020-08-10,9536.25
2020-08-11,10947.23
2020-08-12,9652.44
2020-08-13,9119.43
2020-08-14,12178.72
2020-08-15,15577.17
2020-08-16,12838.99
2020-08-17,9115.61
2020-08-18,10054.04
2020-08-19,10753.59
2020-08-20,9413.89
2020-08-21,11040.88
2020-08-22,12005.43
2020-08-23,12403.23
2020-08-24,10008.54
2020-08-25,12625.11
2020-08-26,10640.41
2020-08-27,9530.28
2020-08-28,11537.13
2020-08-29,16850.21
2020-08-30,15679.47
2020-08-31,10293.38
2020-09-01,11104.67
2020-09-02,13060.92
2020-09-03,13758.18
2020-09-04,10862.46
2020-09-05,12670.38
2020-09-06,12435.85
2020-09-07,9107.48
2020-09-08,9920.87
2020-09-09,10200.58
2020-09-10,11826.58
2020-09-11,11066.25
2020-09-12,10577.61
2020-09-13,13261.22
2020-09-14,10294.55
2020-09-15,9984.63
2020-09-16,11367.58
2020-09-17,11819.79
2020-09-18,11715.94
2020-09-19,11785.03
2020-09-20,12470.05
2020-09-21,11081.34
2020-09-22,11775.41
2020-09-23,10217.28
2020-09-24,10534.96
2020-09-25,9549.12
2020-09-26,11346.04
2020-09-27,13938.38
2020-09-28,14643.02
2020-09-29,12804.66
2020-09-30,14195.46
2020-10-01,20056.15
2020-10-02,23545.7
2020-10-03,24079.09
2020-10-04,22350.28
2020-10-05,16088.73
2020-10-06,18677.69
2020-10-07,11922.65
2020-10-08,17487.01
2020-10-09,16303.71
2020-10-10,18820.46
2020-10-11,19583.55
2020-10-12,12960.38
2020-10-13,15824.03
2020-10-14,16761.5
2020-10-15,24154.05
2020-10-16,15352.61
2020-10-17,17863.76
2020-10-18,18464.58
2020-10-19,17687.44
2020-10-20,16741.07
2020-10-21,15353.46
2020-10-22,17048.78
2020-10-23,16378.01
2020-10-24,21355.5
2020-10-25,18107.31
2020-10-26,15700.99
2020-10-27,15600.32
2020-10-28,13864.19
2020-10-29,26092.96
2020-10-30,20008.21
2020-10-31,23416.9
2020-11-01,22861.66
2020-11-02,16752.02
2020-11-03,18697.85
2020-11-04,15712.27
2020-11-05,14968.35
2020-11-06,16015.54
2020-11-07,20328.09
2020-11-08,23229.84
2020-11-09,16574.81
2020-11-10,16714.19
2020-11-11,16177.29
2020-11-12,13174.62
2020-11-13,16263.61
2020-11-14,24613.8
2020-11-15,24400.64
2020-11-16,16005.26
2020-11-17,16815.51
2020-11-18,16270.72
2020-11-19,14422.88
2020-11-20,18202.49
2020-11-21,21082.04
2020-11-22,21164.02
2020-11-23,14861.28
2020-11-24,18645.91
2020-11-25,14063.27
2020-11-26,17320.39
2020-11-27,19948.93
2020-11-28,21235.87
2020-11-29,22241.41
2020-11-30,19847.89
2020-12-01,16178.33
2020-12-02,14397.95
2020-12-03,17161.47
2020-12-04,12698.14
2020-12-05,17860.77
2020-12-06,15489.12
2020-12-07,16421.79
2020-12-08,13107.73
2020-12-09,13767.07
2020-12-10,15386.3
2020-12-11,12480.52
2020-12-12,17471.64
2020-12-13,19320.9
2020-12-14,11953.47
2020-12-15,14509.62
2020-12-16,14620.47
2020-12-17,15368.09
2020-12-18,12493.71
2020-12-19,14853.29
2020-12-20,18010.68
2020-12-21,14691.68
2020-12-22,14629.0
2020-12-23,14769.63
2020-12-24,13307.65
2020-12-25,18998.07
2020-12-26,17645.32
2020-12-27,15922.27
2020-12-28,16959.61
2020-12-29,17968.62
2020-12-30,15115.72
2020-12-31,18291.2
2021-01-01,11916.39
2021-01-02,17095.25
2021-01-03,17688.42
2021-01-04,10107.31
2021-01-05,12074.73
2021-01-06,11471.18
2021-01-07,11925.02
2021-01-08,13112.55
2021-01-09,12904.95
2021-01-10,12235.47
2021-01-11,10048.99
2021-01-12,10132.8
2021-01-13,10950.53
2021-01-14,14839.41
2021-01-15,11346.59
2021-01-16,14348.84
2021-01-17,13273.13
2021-01-18,12655.37
2021-01-19,10759.55
2021-01-20,14061.89
2021-01-21,11749.37
2021-01-22,10112.23
2021-01-23,11853.94
2021-01-24,13919.57
2021-01-25,10821.15
2021-01-26,15420.24
2021-01-27,11598.03
2021-01-28,10996.04
2021-01-29,12169.5
2021-01-30,13540.91
2021-01-31,15249.56
2021-02-01,11555.73
2021-02-02,10874.74
2021-02-03,9322.78
2021-02-04,9030.44
2021-02-05,9221.02
2021-02-06,9715.36
2021-02-07,10823.82
2021-02-08,8937.2
2021-02-09,7871.84
2021-02-10,9207.93
2021-02-11,9390.71
2021-02-12,9857.54
2021-02-13,11800.74
2021-02-14,9207.23
2021-02-15,8066.08
2021-02-16,9361.55
2021-02-17,9362.74
2021-02-18,9366.17
2021-02-19,12342.21
2021-02-20,11304.66
2021-02-21,11911.46
2021-02-22,9766.77
2021-02-23,9499.29
2021-02-24,8639.31
2021-02-25,9599.95
2021-02-26,9882.23
2021-02-27,12550.63
2021-02-28,12234.12
2021-03-01,10805.56
2021-03-02,13201.85
2021-03-03,8720.79
2021-03-04,9551.47
2021-03-05,7498.46
2021-03-06,10224.53
2021-03-07,11902.42
2021-03-08,9004.36
2021-03-09,7984.56
2021-03-10,8310.95
2021-03-11,9561.9
2021-03-12,8301.53
2021-03-13,10982.05
2021-03-14,10801.0
2021-03-15,8378.22
2021-03-16,10886.3
2021-03-17,9534.98
2021-03-18,7152.46
2021-03-19,9138.23
2021-03-20,10055.18
2021-03-21,11688.52
2021-03-22,8266.05
2021-03-23,8876.7
2021-03-24,9435.49
2021-03-25,9761.91
2021-03-26,7907.68
2021-03-27,10425.39
2021-03-28,12845.51
2021-03-29,13112.34
2021-03-30,12699.73
2021-03-31,11233.96
2021-04-01,11797.09
2021-04-02,19164.35
2021-04-03,19646.26
2021-04-04,18629.75
2021-04-05,9549.42
2021-04-06,10717.62
2021-04-07,12693.02
2021-04-08,10471.06
2021-04-09,11771.47
2021-04-10,14576.75
2021-04-11,12277.73
2021-04-12,11212.31
2021-04-13,7625.33
2021-04-14,13167.59
2021-04-15,11002.58
2021-04-16,9881.61
2021-04-17,15763.99
2021-04-18,11616.5
2021-04-19,10801.44
2021-04-20,11449.12
2021-04-21,12933.34
2021-04-22,9683.34
2021-04-23,12625.08
2021-04-24,13588.69
2021-04-25,12245.38
2021-04-26,11840.81
2021-04-27,11545.89
2021-04-28,12772.37
2021-04-29,13686.1
2021-04-30,13070.71
2021-05-01,20628.25
2021-05-02,17402.0
2021-05-03,15762.06
2021-05-04,9936.08
2021-05-05,13761.85
2021-05-06,9130.52
2021-05-07,11175.7
2021-05-08,14422.16
2021-05-09,14006.94
2021-05-10,10649.02
2021-05-11,11122.5
2021-05-12,10801.51
2021-05-13,13902.99
2021-05-14,16032.74
2021-05-15,14130.94
2021-05-16,12701.5
2021-05-17,12398.67
2021-05-18,11727.73
2021-05-19,12305.93
2021-05-20,12100.3
2021-05-21,10442.38
2021-05-22,12901.26
2021-05-23,18364.62
2021-05-24,12090.01
2021-05-25,11373.44
2021-05-26,11533.75
2021-05-27,12859.63
2021-05-28,10730.76
2021-05-29,17326.6
2021-05-30,16099.54
2021-05-31,13398.29
2021-06-01,18246.02
2021-06-02,17800.9
2021-06-03,17785.59
2021-06-04,15499.35
2021-06-05,16490.01
2021-06-06,17581.85
2021-06-07,13293.78
2021-06-08,14167.58
2021-06-09,13547.39
2021-06-10,13862.48
2021-06-11,14549.91
2021-06-12,15134.39
2021-06-13,19936.74
2021-06-14,12359.95
2021-06-15,12076.76
2021-06-16,15341.33
2021-06-17,14841.05
2021-06-18,14614.13
2021-06-19,17548.13
2021-06-20,16494.41
2021-06-21,12530.37
2021-06-22,13873.14
2021-06-23,12839.46
2021-06-24,15118.6
2021-06-25,13576.01
2021-06-26,15173.07
2021-06-27,16010.6
2021-06-28,17229.44
2021-06-29,15617.17
2021-06-30,15192.97
2021-07-01,16961.53
2021-07-02,16967.69
2021-07-03,18871.34
2021-07-04,15789.36
2021-07-05,14132.0
2021-07-06,11814.3
2021-07-07,11873.24
2021-07-08,12828.38
2021-07-09,13529.57
2021-07-10,17109.44
2021-07-11,19046.2
2021-07-12,15021.05
2021-07-13,13616.49
2021-07-14,13814.78
2021-07-15,12456.44
2021-07-16,13822.03
2021-07-17,16141.37
2021-07-18,17161.62
2021-07-19,12711.2
2021-07-20,18954.88
2021-07-21,20785.85
2021-07-22,13716.58
2021-07-23,14427.89
2021-07-24,17797.77
2021-07-25,15984.57
2021-07-26,14191.6
2021-07-27,13901.32
2021-07-28,14022.77
2021-07-29,15380.0
2021-07-30,16713.3
2021-07-31,21008.24
2021-08-01,19100.88
2021-08-02,15237.29
2021-08-03,16901.25
2021-08-04,10702.29
2021-08-05,12605.93
2021-08-06,11809.89
2021-08-07,16968.21
2021-08-08,12797.87
2021-08-09,10630.94
2021-08-10,10912.43
2021-08-11,9144.91
2021-08-12,11003.1
2021-08-13,10734.6
2021-08-14,14152.71
2021-08-15,18028.66
2021-08-16,13805.64
2021-08-17,12732.49
2021-08-18,14246.95
2021-08-19,10587.76
2021-08-20,12207.99
2021-08-21,12122.19
2021-08-22,16527.74
2021-08-23,13017.16
2021-08-24,11100.15
2021-08-25,9653.63
2021-08-26,13229.59
2021-08-27,11521.3
2021-08-28,15720.63
2021-08-29,14113.62
2021-08-30,13156.75
2021-08-31,14006.24
2021-09-01,14067.97
2021-09-02,13375.14
2021-09-03,14881.3
2021-09-04,12516.1
2021-09-05,13815.79
2021-09-06,11822.72
2021-09-07,12286.05
2021-09-08,12519.38
2021-09-09,10375.66
2021-09-10,9899.29
2021-09-11,15828.3
2021-09-12,14504.87
2021-09-13,10825.54
2021-09-14,13519.59
2021-09-15,11842.27
2021-09-16,13090.5
2021-09-17,11791.41
2021-09-18,16955.1
2021-09-19,16529.62
2021-09-20,11428.75
2021-09-21,12862.29
2021-09-22,12482.8
2021-09-23,13334.0
2021-09-24,10599.51
2021-09-25,15047.13
2021-09-26,15575.11
2021-09-27,9675.01
2021-09-28,12423.63
2021-09-29,11220.1
2021-09-30,13717.74
2021-10-01,22668.92
2021-10-02,36501.86
2021-10-03,25581.47
2021-10-04,20510.97
2021-10-05,15207.63
2021-10-06,14640.69
2021-10-07,17552.64
2021-10-08,18332.85
2021-10-09,21121.4
2021-10-10,16813.55
2021-10-11,17509.67
2021-10-12,15366.07
2021-10-13,18859.01
2021-10-14,18327.58
2021-10-15,20827.98
2021-10-16,20134.51
2021-10-17,18981.41
2021-10-18,22860.47
2021-10-19,19390.6
2021-10-20,15958.97
2021-10-21,18600.8
2021-10-22,16773.12
2021-10-23,19574.1
2021-10-24,21037.06
2021-10-25,15889.73
2021-10-26,16747.22
2021-10-27,15608.69
2021-10-28,21221.82
2021-10-29,21364.39
2021-10-30,23765.08
2021-10-31,26105.93
2021-11-01,21064.8
2021-11-02,20838.18
2021-11-03,22623.01
2021-11-04,24844.98
2021-11-05,16827.17
2021-11-06,20100.62
2021-11-07,20746.91
2021-11-08,13688.87
2021-11-09,15091.34
2021-11-10,20222.14
2021-11-11,20721.66
2021-11-12,17355.38
2021-11-13,22595.0
2021-11-14,22033.31
2021-11-15,23294.74
2021-11-16,19809.6
2021-11-17,17591.24
2021-11-18,16120.2
2021-11-19,14963.52
2021-11-20,21833.18
2021-11-21,19783.94
2021-11-22,15302.46
2021-11-23,16690.1
2021-11-24,15917.6
2021-11-25,20863.95
2021-11-26,19430.43
2021-11-27,21415.24
2021-11-28,29531.83
2021-11-29,21608.09
2021-11-30,19599.92
2021-12-01,21423.54
2021-12-02,19598.21
2021-12-03,16671.02
2021-12-04,18250.49
2021-12-05,16979.45
2021-12-06,13366.1
2021-12-07,16951.44
2021-12-08,18481.13
2021-12-09,13350.84
2021-12-10,16399.23
2021-12-11,17422.08
2021-12-12,17730.85
2021-12-13,14615.55
2021-12-14,14196.86
2021-12-15,15618.43
2021-12-16,14254.73
2021-12-17,15970.7
2021-12-18,18570.67
2021-12-19,18222.63
2021-12-20,14148.58
2021-12-21,14666.67
2021-12-22,16743.93
2021-12-23,16351.51
2021-12-24,14052.52
2021-12-25,23600.06
2021-12-26,20103.62
2021-12-27,12983.86
2021-12-28,16436.38
2021-12-29,17471.59
2021-12-30,19783.64
2021-12-31,17291.18
2022-01-01,14164.4
2022-01-02,14474.21
2022-01-03,14479.15
2022-01-04,12322.91
2022-01-05,10927.28
2022-01-06,12783.8
2022-01-07,10022.17
2022-01-08,14330.97
2022-01-09,12682.14
2022-01-10,11243.41
2022-01-11,12087.16
2022-01-12,10997.55
2022-01-13,11572.78
2022-01-14,17224.7
2022-01-15,13615.75
2022-01-16,15660.4
2022-01-17,10685.67
2022-01-18,12687.69
2022-01-19,13789.44
2022-01-20,9075.28
2022-01-21,11096.68
2022-01-22,15307.49
2022-01-23,14181.7
2022-01-24,12513.57
2022-01-25,11339.57
2022-01-26,15828.48
2022-01-27,11886.01
2022-01-28,13487.01
2022-01-29,17836.96
2022-01-30,17985.73
2022-01-31,13904.62
2022-02-01,11038.34
2022-02-02,11104.73
2022-02-03,12067.36
2022-02-04,9269.34
2022-02-05,11951.25
2022-02-06,14028.37
2022-02-07,10526.82
2022-02-08,9369.71
2022-02-09,10851.37
2022-02-10,9294.44
2022-02-11,7716.69
2022-02-12,10460.38
2022-02-13,9458.92
2022-02-14,9357.71
2022-02-15,9718.69
2022-02-16,11329.66
2022-02-17,10022.5
2022-02-18,9494.71
2022-02-19,12617.89
2022-02-20,9077.25
2022-02-21,9942.85
2022-02-22,10465.15
2022-02-23,8281.41
2022-02-24,10832.34
2022-02-25,10051.85
2022-02-26,13422.34
2022-02-27,14893.4
2022-02-28,14326.25
2022-03-01,11890.19
2022-03-02,11970.37
2022-03-03,11146.39
2022-03-04,8910.5
2022-03-05,12658.85
2022-03-06,10690.11
2022-03-07,9814.4
2022-03-08,9281.28
2022-03-09,10216.0
2022-03-10,10076.59
2022-03-11,10765.38
2022-03-12,11109.68
2022-03-13,11393.36
2022-03-14,8804.73
2022-03-15,9328.46
2022-03-16,10132.79
2022-03-17,10505.89
2022-03-18,11528.3
2022-03-19,12744.78
2022-03-20,13317.64
2022-03-21,10179.49
2022-03-22,11612.58
2022-03-23,9022.98
2022-03-24,8564.41
2022-03-25,8043.79
2022-03-26,13500.45
2022-03-27,12514.82
2022-03-28,9736.26
2022-03-29,12080.46
2022-03-30,10431.17
2022-03-31,14632.11
2022-04-01,14889.12
2022-04-02,17835.96
2022-04-03,18927.66
2022-04-04,12847.13
2022-04-05,12534.76
2022-04-06,11293.65
2022-04-07,12844.04
2022-04-08,14577.45
2022-04-09,16706.67
2022-04-10,21344.17
2022-04-11,11649.11
2022-04-12,11064.27
2022-04-13,12127.7
2022-04-14,16059.41
2022-04-15,17721.83
2022-04-16,12252.36
2022-04-17,21260.17
2022-04-18,12101.61
2022-04-19,11773.62
2022-04-20,11056.34
2022-04-21,10267.96
2022-04-22,13319.91
2022-04-23,14879.81
2022-04-24,12868.9
2022-04-25,10720.17
2022-04-26,11904.2
2022-04-27,14376.87
2022-04-28,14404.06
2022-04-29,12567.9
2022-04-30,17317.15
2022-05-01,21591.36
2022-05-02,14052.23
2022-05-03,19141.2
2022-05-04,12054.76
2022-05-05,13201.76
2022-05-06,14627.78
2022-05-07,16486.83
2022-05-08,14422.31
2022-05-09,10986.49
2022-05-10,15535.85
2022-05-11,12432.09
2022-05-12,12378.86
2022-05-13,12334.55
2022-05-14,15134.52
2022-05-15,14629.55
2022-05-16,11662.83
2022-05-17,11698.59
2022-05-18,12337.54
2022-05-19,11708.02
2022-05-20,11500.8
2022-05-21,15021.75
2022-05-22,14487.78
2022-05-23,14255.5
2022-05-24,9108.77
2022-05-25,13750.43
2022-05-26,13945.15
2022-05-27,9831.17
2022-05-28,14376.43
2022-05-29,17204.15
2022-05-30,12796.92
2022-05-31,13737.77
2022-06-01,15894.0
2022-06-02,21017.31
2022-06-03,19561.26
2022-06-04,20166.51
2022-06-05,23983.65
2022-06-06,13232.05
2022-06-07,14136.9
2022-06-08,15653.02
2022-06-09,13101.88
2022-06-10,15993.77
2022-06-11,17488.48
2022-06-12,17251.27
2022-06-13,16001.29
2022-06-14,15606.3
2022-06-15,14406.26
2022-06-16,16682.13
2022-06-17,13335.89
2022-06-18,19052.14
2022-06-19,19015.34
2022-06-20,14499.04
2022-06-21,15453.55
2022-06-22,13096.0
2022-06-23,16355.51
2022-06-24,14698.45
2022-06-25,17034.8
2022-06-26,19864.24
2022-06-27,13929.73
2022-06-28,15452.91
2022-06-29,15189.74
2022-06-30,19084.54
2022-07-01,15693.51
2022-07-02,25393.14
2022-07-03,17108.66
2022-07-04,17554.3
2022-07-05,15328.28
2022-07-06,14869.58
2022-07-07,14199.72
2022-07-08,15620.93
2022-07-09,22452.17
2022-07-10,25028.97
2022-07-11,15202.93
2022-07-12,15260.49
2022-07-13,14491.02
2022-07-14,14955.44
2022-07-15,15507.45
2022-07-16,14969.12
2022-07-17,15626.17
2022-07-18,16173.17
2022-07-19,15314.82
2022-07-20,14783.73
2022-07-21,15091.88
2022-07-22,15591.11
2022-07-23,17108.68
2022-07-24,16680.91
2022-07-25,15372.54
2022-07-26,13605.11
2022-07-27,15699.64
2022-07-28,12518.41
2022-07-29,19972.14
2022-07-30,22762.11
2022-07-31,22296.26
2022-08-01,16584.16
2022-08-02,17619.02
2022-08-03,16639.24
2022-08-04,10273.79
2022-08-05,10982.95
2022-08-06,14172.19
2022-08-07,15159.45
2022-08-08,17231.67
2022-08-09,11690.64
2022-08-10,12843.7
2022-08-11,11658.35
2022-08-12,11842.35
2022-08-13,13010.08
2022-08-14,13744.96
2022-08-15,14190.58
2022-08-16,11392.65
2022-08-17,13957.87
2022-08-18,11431.03
2022-08-19,15958.33
2022-08-20,15910.74
2022-08-21,15446.35
2022-08-22,11556.04
2022-08-23,13529.3
2022-08-24,11918.59
2022-08-25,12803.65
2022-08-26,15891.09
2022-08-27,15039.88
2022-08-28,16934.68
2022-08-29,14124.04
2022-08-30,15142.45
2022-08-31,17890.33
2022-09-01,14249.06
2022-09-02,17961.39
2022-09-03,19542.2
2022-09-04,14356.43
2022-09-05,13481.31
2022-09-06,13915.6
2022-09-07,13473.69
2022-09-08,10695.42
2022-09-09,11767.64
2022-09-10,14854.77
2022-09-11,15121.67
2022-09-12,13486.8
2022-09-13,12927.07
2022-09-14,11007.67
2022-09-15,13189.96
2022-09-16,13485.62
2022-09-17,16108.74
2022-09-18,16907.15
2022-09-19,13778.37
2022-09-20,13304.65
2022-09-21,12634.01
2022-09-22,10612.28
2022-09-23,13275.62
2022-09-24,15595.11
2022-09-25,15696.1
2022-09-26,11110.79
2022-09-27,11362.49
2022-09-28,16901.33
2022-09-29,15233.75
2022-09-30,16340.06
2022-10-01,27619.47
2022-10-02,34536.71
2022-10-03,25115.5
2022-10-04,18150.73
2022-10-05,19326.46
2022-10-06,18261.48
2022-10-07,18318.59
2022-10-08,27843.87
2022-10-09,23501.39
2022-10-10,18245.59
2022-10-11,21574.05
2022-10-12,17456.16
2022-10-13,18817.01
2022-10-14,18336.07
2022-10-15,32939.07
2022-10-16,23477.78
2022-10-17,21172.07
2022-10-18,16344.22
2022-10-19,19712.74
2022-10-20,20912.57
2022-10-21,19366.27
2022-10-22,25511.24
2022-10-23,21866.87
2022-10-24,28508.21
2022-10-25,23644.21
2022-10-26,18531.07
2022-10-27,18376.05
2022-10-28,22032.86
2022-10-29,32083.73
2022-10-30,26264.09
2022-10-31,22128.58
2022-11-01,22453.07
2022-11-02,20002.14
2022-11-03,20990.6
2022-11-04,17331.2
2022-11-05,21348.39
2022-11-06,23048.55
2022-11-07,19729.6
2022-11-08,22271.9
2022-11-09,17360.85
2022-11-10,21189.21
2022-11-11,18881.64
2022-11-12,23043.81
2022-11-13,24726.39
2022-11-14,17139.23
2022-11-15,20049.43
2022-11-16,19636.57
2022-11-17,20270.55
2022-11-18,19882.06
2022-11-19,28887.42
2022-11-20,21718.39
2022-11-21,18308.9
2022-11-22,18134.59
2022-11-23,18269.33
2022-11-24,18114.73
2022-11-25,21653.05
2022-11-26,26526.86
2022-11-27,21906.35
2022-11-28,21303.09
2022-11-29,24337.86
2022-11-30,21963.36
2022-12-01,21427.25
2022-12-02,20565.07
2022-12-03,20525.45
2022-12-04,23285.09
2022-12-05,19825.8
2022-12-06,15780.8
2022-12-07,16162.62
2022-12-08,17298.85
2022-12-09,17384.26
2022-12-10,21519.86
2022-12-11,24254.03
2022-12-12,16534.49
2022-12-13,15491.89
2022-12-14,14516.75
2022-12-15,15611.91
2022-12-16,16790.77
2022-12-17,23848.79
2022-12-18,19177.6
2022-12-19,17234.51
2022-12-20,16833.13
2022-12-21,18868.54
2022-12-22,21130.36
2022-12-23,15975.85
2022-12-24,19258.96
2022-12-25,27961.55
2022-12-26,18033.37
2022-12-27,20004.06
2022-12-28,17875.53
2022-12-29,19543.11
2022-12-30,21473.32
2022-12-31,27034.14
2023-01-01,20260.21
2023-01-02,16398.26
2023-01-03,17274.93
2023-01-04,14532.32
2023-01-05,14812.4
2023-01-06,13860.83
2023-01-07,15361.92
2023-01-08,15855.56
2023-01-09,14596.09
2023-01-10,11963.14
2023-01-11,13510.52
2023-01-12,12520.24
2023-01-13,13073.09
2023-01-14,22057.87
2023-01-15,15948.37
2023-01-16,13104.41
2023-01-17,11272.43
2023-01-18,14023.12
2023-01-19,13894.54
2023-01-20,15878.88
2023-01-21,15186.78
2023-01-22,16015.79
2023-01-23,13388.78
2023-01-24,15126.81
2023-01-25,12943.96
2023-01-26,17466.73
2023-01-27,13868.73
2023-01-28,15984.88
2023-01-29,17993.58
2023-01-30,16003.32
2023-01-31,17387.73
2023-02-01,11274.43
2023-02-02,12733.89
2023-02-03,11689.41
2023-02-04,14074.47
2023-02-05,10659.33
2023-02-06,9895.28
2023-02-07,10878.73
2023-02-08,12127.01
2023-02-09,10418.71
2023-02-10,9907.47
2023-02-11,14958.93
2023-02-12,10769.6
2023-02-13,8188.48
2023-02-14,10960.59
2023-02-15,9973.62
2023-02-16,9430.41
2023-02-17,11249.35
2023-02-18,12916.28
2023-02-19,11900.12
2023-02-20,9165.95
2023-02-21,11431.27
2023-02-22,11199.93
2023-02-23,10414.04
2023-02-24,12463.31
2023-02-25,11276.06
2023-02-26,12843.83
2023-02-27,11758.49
2023-02-28,12577.58
2023-03-01,12945.34
2023-03-02,12335.51
2023-03-03,13088.17
2023-03-04,11063.04
2023-03-05,14474.45
2023-03-06,10455.86
2023-03-07,11722.81
2023-03-08,14180.81
2023-03-09,11030.87
2023-03-10,11152.41
2023-03-11,13231.09
2023-03-12,13480.86
2023-03-13,11961.1
2023-03-14,10767.53
2023-03-15,11311.06
2023-03-16,10469.58
2023-03-17,12088.29
2023-03-18,11824.68
2023-03-19,14969.67
2023-03-20,10530.69
2023-03-21,9062.25
2023-03-22,10713.04
2023-03-23,9859.19
2023-03-24,11471.48
2023-03-25,11872.04
2023-03-26,12136.75
2023-03-27,8587.75
2023-03-28,10111.66
2023-03-29,9630.35
2023-03-30,10700.3
2023-03-31,13683.71
2023-04-01,20578.24
2023-04-02,24868.57
2023-04-03,14367.71
2023-04-04,13194.28
2023-04-05,13255.5
2023-04-06,11726.67
2023-04-07,19838.16
2023-04-08,17319.14
2023-04-09,19466.98
2023-04-10,13309.66
2023-04-11,13553.38
2023-04-12,10568.14
2023-04-13,12953.89
2023-04-14,16092.6
2023-04-15,14348.1
2023-04-16,15500.18
2023-04-17,15682.84
2023-04-18,14147.95
2023-04-19,12539.04
2023-04-20,14062.98
2023-04-21,19715.58
2023-04-22,21805.87
2023-04-23,16066.75
2023-04-24,12451.11
2023-04-25,14244.76
2023-04-26,13841.84
2023-04-27,14512.99
2023-04-28,17003.45
2023-04-29,21203.52
2023-04-30,18166.12
2023-05-01,23536.95
2023-05-02,16317.28
2023-05-03,19325.71
2023-05-04,12420.37
2023-05-05,15658.67
2023-05-06,16331.19
2023-05-07,14974.12
2023-05-08,12704.66
2023-05-09,12925.65
2023-05-10,13922.69
2023-05-11,14057.36
2023-05-12,12595.09
2023-05-13,15998.2
2023-05-14,19476.87
2023-05-15,15679.56
2023-05-16,13956.08
2023-05-17,13426.17
2023-05-18,13538.66
2023-05-19,14201.76
2023-05-20,14417.64
2023-05-21,15650.12
2023-05-22,11154.97
2023-05-23,13926.41
2023-05-24,14261.41
2023-05-25,12749.92
2023-05-26,15509.14
2023-05-27,14111.85
2023-05-28,17163.62
2023-05-29,16451.0
2023-05-30,17778.26
2023-05-31,18806.96
2023-06-01,18433.12
2023-06-02,21408.02
2023-06-03,23103.76
2023-06-04,18997.79
2023-06-05,17536.71
2023-06-06,17167.46
2023-06-07,13578.39
2023-06-08,18503.33
2023-06-09,18351.57
2023-06-10,18144.39
2023-06-11,20125.36
2023-06-12,16933.05
2023-06-13,16559.88
2023-06-14,15254.14
2023-06-15,15061.37
2023-06-16,16107.77
2023-06-17,21655.87
2023-06-18,20440.6
2023-06-19,15560.03
2023-06-20,17409.43
2023-06-21,11560.67
2023-06-22,18026.18
2023-06-23,13358.58
2023-06-24,18706.9
2023-06-25,17240.59
2023-06-26,14086.87
2023-06-27,18064.03
2023-06-28,24072.91
2023-06-29,26134.42
2023-06-30,19342.9
2023-07-01,24438.36
2023-07-02,23509.6
2023-07-03,16951.02
2023-07-04,17822.99
2023-07-05,15411.05
2023-07-06,13690.83
2023-07-07,15523.76
2023-07-08,22386.97
2023-07-09,21124.94
2023-07-10,15662.15
2023-07-11,15664.34
2023-07-12,15712.36
2023-07-13,19609.99
2023-07-14,16861.4
2023-07-15,20331.55
2023-07-16,21505.97
2023-07-17,16639.01
2023-07-18,15833.19
2023-07-19,15938.32
2023-07-20,16144.39
2023-07-21,16203.57
2023-07-22,20941.27
2023-07-23,19626.25
2023-07-24,17466.27
2023-07-25,16145.88
2023-07-26,16408.57
2023-07-27,13030.0
2023-07-28,23113.42
2023-07-29,24270.99
2023-07-30,25804.55
2023-07-31,13892.36
2023-08-01,19704.38
2023-08-02,16075.98
2023-08-03,18113.95
2023-08-04,12178.36
2023-08-05,17313.07
2023-08-06,14597.88
2023-08-07,12751.67
2023-08-08,16206.35
2023-08-09,13346.05
2023-08-10,13904.11
2023-08-11,14795.2
2023-08-12,17146.21
2023-08-13,16585.51
2023-08-14,14116.22
2023-08-15,21964.58
2023-08-16,13546.15
2023-08-17,13901.44
2023-08-18,15062.19
2023-08-19,18168.03
2023-08-20,18305.05
2023-08-21,14509.48
2023-08-22,12081.91
2023-08-23,15872.46
2023-08-24,12082.21
2023-08-25,14062.39
2023-08-26,15146.78
2023-08-27,16280.66
2023-08-28,14106.54
2023-08-29,16919.11
2023-08-30,17087.38
2023-08-31,19045.21
2023-09-01,17146.09
2023-09-02,19205.91
2023-09-03,21588.86
2023-09-04,15303.52
2023-09-05,12000.15
2023-09-06,14499.57
2023-09-07,14644.48
2023-09-08,13280.38
2023-09-09,18688.57
2023-09-10,16185.21
2023-09-11,13867.88
2023-09-12,13461.55
2023-09-13,13722.72
2023-09-14,12201.76
2023-09-15,11732.99
2023-09-16,19074.71
2023-09-17,15061.14
2023-09-18,12355.37
2023-09-19,10763.83
2023-09-20,12843.86
2023-09-21,11907.57
2023-09-22,15979.86
2023-09-23,18138.15
2023-09-24,15343.89
2023-09-25,16827.8
2023-09-26,15085.64
2023-09-27,17281.44
2023-09-28,12369.2
2023-09-29,20272.98
2023-09-30,17046.1
2023-10-01,24814.4
2023-10-02,35473.95
2023-10-03,30802.19
2023-10-04,23495.27
2023-10-05,21806.51
2023-10-06,21874.54
2023-10-07,26895.66
2023-10-08,26666.82
2023-10-09,21239.81
2023-10-10,20878.32
2023-10-11,20537.76
2023-10-12,19112.7
2023-10-13,20095.04
2023-10-14,20614.21
2023-10-15,30720.24
2023-10-16,18642.51
2023-10-17,18408.26
2023-10-18,21068.2
2023-10-19,23581.44
2023-10-20,22605.4
2023-10-21,20947.19
2023-10-22,22395.09
2023-10-23,22665.38
2023-10-24,18684.78
2023-10-25,20259.11
2023-10-26,21868.96
2023-10-27,18725.22
2023-10-28,25146.6
2023-10-29,25882.82
2023-10-30,23397.19
2023-10-31,25695.41
2023-11-01,20936.9
2023-11-02,26006.22
2023-11-03,24865.05
2023-11-04,26295.65
2023-11-05,25481.92
2023-11-06,23607.83
2023-11-07,21038.27
2023-11-08,19889.79
2023-11-09,21040.51
2023-11-10,21919.95
2023-11-11,25075.35
2023-11-12,31324.58
2023-11-13,19342.4
2023-11-14,19427.56
2023-11-15,17892.0
2023-11-16,24456.82
2023-11-17,18229.56
2023-11-18,23256.52
2023-11-19,23197.37
2023-11-20,22695.77
2023-11-21,20221.07
2023-11-22,23439.99
2023-11-23,19440.02
2023-11-24,21429.59
2023-11-25,22932.22
2023-11-26,30396.15
2023-11-27,18382.91
2023-11-28,25812.97
2023-11-29,26629.31
2023-11-30,26083.57
2023-12-01,21309.49
2023-12-02,25720.96
2023-12-03,26178.59
2023-12-04,17837.71
2023-12-05,19852.73
2023-12-06,22114.43
2023-12-07,17104.65
2023-12-08,15636.26
2023-12-09,21553.99
2023-12-10,27361.18
2023-12-11,16671.8
2023-12-12,21104.43
2023-12-13,21178.55
2023-12-14,17135.27
2023-12-15,19175.32
2023-12-16,25321.87
2023-12-17,20954.42
2023-12-18,17784.12
2023-12-19,17101.09
2023-12-20,16317.94
2023-12-21,16985.01
2023-12-22,15944.3
2023-12-23,21880.13
2023-12-24,20130.76
2023-12-25,24184.71
2023-12-26,15353.23
2023-12-27,18787.48
2023-12-28,19705.45
2023-12-29,17478.84
2023-12-30,27183.01
2023-12-31,29425.47
2024-01-01,14770.69
2024-01-02,19617.6
2024-01-03,17514.23
2024-01-04,13023.17
2024-01-05,13935.55
2024-01-06,17758.82
2024-01-07,16950.88
2024-01-08,14777.36
2024-01-09,12733.44
2024-01-10,14264.97
2024-01-11,12046.68
2024-01-12,13876.79
2024-01-13,15320.31
2024-01-14,19508.69
2024-01-15,15776.71
2024-01-16,15576.45
2024-01-17,14902.21
2024-01-18,12514.69
2024-01-19,13607.44
2024-01-20,18911.73
2024-01-21,17108.1
2024-01-22,17321.31
2024-01-23,14616.14
2024-01-24,14335.88
2024-01-25,13633.61
2024-01-26,18536.88
2024-01-27,16631.26
2024-01-28,18088.2
2024-01-29,18511.72
2024-01-30,15570.42
2024-01-31,14651.88
2024-02-01,11040.85
2024-02-02,14213.94
2024-02-03,14443.96
2024-02-04,10618.75
2024-02-05,11717.18
2024-02-06,14093.47
2024-02-07,11276.44
2024-02-08,12231.76
2024-02-09,11380.04
2024-02-10,13413.86
2024-02-11,14795.86
2024-02-12,10966.4
2024-02-13,11598.5
2024-02-14,11662.1
2024-02-15,10545.82
2024-02-16,12424.32
2024-02-17,13328.89
2024-02-18,12543.42
2024-02-19,11916.36
2024-02-20,10295.45
2024-02-21,11345.86
2024-02-22,11305.85
2024-02-23,12547.41
2024-02-24,14229.52
2024-02-25,13553.28
2024-02-26,12251.05
2024-02-27,15482.19
2024-02-28,14353.53
2024-02-29,13611.89
2024-03-01,11816.28
2024-03-02,14585.02
2024-03-03,15828.5
2024-03-04,10649.07
2024-03-05,11130.39
2024-03-06,11408.92
2024-03-07,11947.88
2024-03-08,11269.03
2024-03-09,14284.17
2024-03-10,13711.95
2024-03-11,9112.35
2024-03-12,10290.93
2024-03-13,11196.32
2024-03-14,9987.71
2024-03-15,12046.17
2024-03-16,15727.82
2024-03-17,15305.22
2024-03-18,11128.25
2024-03-19,13068.58
2024-03-20,11544.46
2024-03-21,10994.01
2024-03-22,10681.69
2024-03-23,13245.18
2024-03-24,16413.31
2024-03-25,15054.45
2024-03-26,11571.36
2024-03-27,11394.15
2024-03-28,11890.67
2024-03-29,19892.84
2024-03-30,17970.47
2024-03-31,17472.15
2024-04-01,12734.63
2024-04-02,18703.98
2024-04-03,14770.44
2024-04-04,13939.75
2024-04-05,12594.08
2024-04-06,14034.11
2024-04-07,18049.29
2024-04-08,15354.64
2024-04-09,13451.06
2024-04-10,13750.82
2024-04-11,17549.28
2024-04-12,14841.77
2024-04-13,14606.78
2024-04-14,21824.47
2024-04-15,14268.53
2024-04-16,15121.14
2024-04-17,14466.84
2024-04-18,12907.27
2024-04-19,16012.63
2024-04-20,16892.82
2024-04-21,17121.34
2024-04-22,12974.12
2024-04-23,13677.89
2024-04-24,13048.47
2024-04-25,14070.19
2024-04-26,16771.81
2024-04-27,14829.93
2024-04-28,17300.79
2024-04-29,19724.13
2024-04-30,16837.82
2024-05-01,20865.28
2024-05-02,18993.48
2024-05-03,16165.55
2024-05-04,20353.7
2024-05-05,18381.24
2024-05-06,13647.89
2024-05-07,17446.57
2024-05-08,13484.02
2024-05-09,15421.53
2024-05-10,14788.66
2024-05-11,19477.39
2024-05-12,19928.88
2024-05-13,14413.1
2024-05-14,13287.21
2024-05-15,15033.7
2024-05-16,13401.1
2024-05-17,17272.95
2024-05-18,17492.61
2024-05-19,20787.15
2024-05-20,14651.99
2024-05-21,12450.66
2024-05-22,12993.46
2024-05-23,16122.46
2024-05-24,13451.51
2024-05-25,15470.94
2024-05-26,18210.8
2024-05-27,16113.54
2024-05-28,15444.1
2024-05-29,19015.63
2024-05-30,15987.45
2024-05-31,14840.03
2024-06-01,28657.11
2024-06-02,24116.92
2024-06-03,20250.49
2024-06-04,19612.36
2024-06-05,18279.34
2024-06-06,18109.02
2024-06-07,21073.12
2024-06-08,19453.28
2024-06-09,22724.64
2024-06-10,17431.42
2024-06-11,17801.52
2024-06-12,19989.42
2024-06-13,18223.18
2024-06-14,18279.47
2024-06-15,23051.69
2024-06-16,25078.58
2024-06-17,20668.85
2024-06-18,15545.23
2024-06-19,13948.17
2024-06-20,20936.18
2024-06-21,15452.63
2024-06-22,20385.23
2024-06-23,20273.24
2024-06-24,17912.86
2024-06-25,18799.83
2024-06-26,18881.16
2024-06-27,16374.61
2024-06-28,20521.35
2024-06-29,25756.73
2024-06-30,24430.57
2024-07-01,24238.43
2024-07-02,21911.36
2024-07-03,22425.01
2024-07-04,18565.68
2024-07-05,19458.38
2024-07-06,21280.06
2024-07-07,18194.53
2024-07-08,18121.1
2024-07-09,16292.76
2024-07-10,16509.79
2024-07-11,18456.82
2024-07-12,19597.1
2024-07-13,20973.84
2024-07-14,21579.75
2024-07-15,20417.64
2024-07-16,23232.43
2024-07-17,21995.29
2024-07-18,18444.77
2024-07-19,14386.39
2024-07-20,22535.7
2024-07-21,21759.82
2024-07-22,19723.97
2024-07-23,18650.29
2024-07-24,17235.28
2024-07-25,15340.41
2024-07-26,17118.38
2024-07-27,19199.77
2024-07-28,19770.06
2024-07-29,22228.01
2024-07-30,24502.58
2024-07-31,21829.15
2024-08-01,15410.34
2024-08-02,18285.21
2024-08-03,23526.55
2024-08-04,16445.49
2024-08-05,14401.63
2024-08-06,14621.44
2024-08-07,13456.57
2024-08-08,15552.32
2024-08-09,14431.54
2024-08-10,18268.72
2024-08-11,15980.09
2024-08-12,13977.03
2024-08-13,15675.24
2024-08-14,14076.76
2024-08-15,22295.37
2024-08-16,14042.83
2024-08-17,17950.62
2024-08-18,19197.03
2024-08-19,12559.75
2024-08-20,12060.82
2024-08-21,12407.37
2024-08-22,16492.74
2024-08-23,13838.29
2024-08-24,22076.28
2024-08-25,16590.38
2024-08-26,14925.25
2024-08-27,16917.89
2024-08-28,17601.26
2024-08-29,21222.96
2024-08-30,19725.5
2024-08-31,23285.72
2024-09-01,22378.38
2024-09-02,18979.37
2024-09-03,16641.3
2024-09-04,13478.38
2024-09-05,14677.24
2024-09-06,14435.02
2024-09-07,16826.38
2024-09-08,18856.12
2024-09-09,16096.8
2024-09-10,14825.81
2024-09-11,16870.4
2024-09-12,13022.93
2024-09-13,14419.35
2024-09-14,16383.16
2024-09-15,17945.99
2024-09-16,14590.69
2024-09-17,14535.92
2024-09-18,16945.27
2024-09-19,15649.14
2024-09-20,13215.35
2024-09-21,20947.64
2024-09-22,19832.64
2024-09-23,15589.02
2024-09-24,14400.54
2024-09-25,13323.06
2024-09-26,14191.1
2024-09-27,16347.55
2024-09-28,25234.66
2024-09-29,24514.43
2024-09-30,16835.52
2024-10-01,23582.89
2024-10-02,35015.9
2024-10-03,21867.99
2024-10-04,22858.04
2024-10-05,26183.62
2024-10-06,25342.06
2024-10-07,18621.76
2024-10-08,23296.99
2024-10-09,20982.39
2024-10-10,19573.75
2024-10-11,15803.07
2024-10-12,26537.19
2024-10-13,31332.25
2024-10-14,25868.83
2024-10-15,27525.53
2024-10-16,20855.37
2024-10-17,23236.38
2024-10-18,19983.58
2024-10-19,27449.05
2024-10-20,28691.46
2024-10-21,24937.63
2024-10-22,21993.93
2024-10-23,21767.97
2024-10-24,20273.37
2024-10-25,20390.71
2024-10-26,26075.22
2024-10-27,27664.68
2024-10-28,24273.01
2024-10-29,24550.22
2024-10-30,30684.53
2024-10-31,25980.1
2024-11-01,34647.56
2024-11-02,29661.45
2024-11-03,24289.92
2024-11-04,24238.62
2024-11-05,23915.22
2024-11-06,21651.34
2024-11-07,22431.46
2024-11-08,23436.14
2024-11-09,22568.92
2024-11-10,25338.03
2024-11-11,24069.73
2024-11-12,19505.33
2024-11-13,22961.68
2024-11-14,19284.29
2024-11-15,23355.91
2024-11-16,26687.56
2024-11-17,22461.34
2024-11-18,24927.96
2024-11-19,20691.05
2024-11-20,20525.87
2024-11-21,22787.79
2024-11-22,24910.33
2024-11-23,24093.35
2024-11-24,26987.91
2024-11-25,23314.83
2024-11-26,23910.08
2024-11-27,22758.98
2024-11-28,25857.01
2024-11-29,24625.28
2024-11-30,32500.04
2024-12-01,24936.65
2024-12-02,16479.33
2024-12-03,24301.11
2024-12-04,21161.7
2024-12-05,14824.28
2024-12-06,17454.18
2024-12-07,24744.43
2024-12-08,28101.17
2024-12-09,19465.6
2024-12-10,18014.35
2024-12-11,19076.92
2024-12-12,22108.09
2024-12-13,18183.73
2024-12-14,21466.97
2024-12-15,22209.37
2024-12-16,17595.9
2024-12-17,19692.34
2024-12-18,22618.44
2024-12-19,20089.56
2024-12-20,18973.19
2024-12-21,22679.82
2024-12-22,19713.29
2024-12-23,21194.93
2024-12-24,19327.01
2024-12-25,24869.75
2024-12-26,25707.76
2024-12-27,20071.56
2024-12-28,21632.9
2024-12-29,26877.88
2024-12-30,26087.36
2024-12-31,23669.38
2025-01-01,15413.91
2025-01-02,19661.79
2025-01-03,16806.54
2025-01-04,21387.55
2025-01-05,19962.3
2025-01-06,14344.72
2025-01-07,16943.16
2025-01-08,15123.85
2025-01-09,16305.92
2025-01-10,15755.82
2025-01-11,16509.66
2025-01-12,16878.52
2025-01-13,16584.23
2025-01-14,18895.38
2025-01-15,14433.96
2025-01-16,13606.96
2025-01-17,15683.95
2025-01-18,21783.93
2025-01-19,16134.24
2025-01-20,15091.26
2025-01-21,17183.99
2025-01-22,14940.33
2025-01-23,15744.42
2025-01-24,13465.18
2025-01-25,18856.66
2025-01-26,22183.78
2025-01-27,16559.86
2025-01-28,16866.9
2025-01-29,22781.25
2025-01-30,19147.69
2025-01-31,18691.67
2025-02-01,17718.86
2025-02-02,16770.2
2025-02-03,14979.87
2025-02-04,11719.96
2025-02-05,12282.39
2025-02-06,13672.9
2025-02-07,10867.05
2025-02-08,16155.69
2025-02-09,16415.71
2025-02-10,11947.12
2025-02-11,9526.3
2025-02-12,11359.13
2025-02-13,13665.34
2025-02-14,12070.96
2025-02-15,13069.9
2025-02-16,13790.5
2025-02-17,13122.79
2025-02-18,12769.35
2025-02-19,11820.25
2025-02-20,11667.49
2025-02-21,11639.4
2025-02-22,13198.27
2025-02-23,16891.11
2025-02-24,11729.88
2025-02-25,13598.27
2025-02-26,16763.42
2025-02-27,16005.34
2025-02-28,13926.95
2025-03-01,18174.66
2025-03-02,17430.25
2025-03-03,13247.0
2025-03-04,12531.79
2025-03-05,10708.89
2025-03-06,13584.6
2025-03-07,11580.4
2025-03-08,14869.43
2025-03-09,14991.85
2025-03-10,11836.63
2025-03-11,12866.46
2025-03-12,11578.34
2025-03-13,13217.11
2025-03-14,13680.28
2025-03-15,14779.08
2025-03-16,17427.57
2025-03-17,10949.51
2025-03-18,11344.04
2025-03-19,12796.43
2025-03-20,12391.76
2025-03-21,12602.25
2025-03-22,15327.89
2025-03-23,15543.36
2025-03-24,13533.75
2025-03-25,12683.44
2025-03-26,11892.3
2025-03-27,13008.26
2025-03-28,14506.77
2025-03-29,17324.87
2025-03-30,19811.92
2025-03-31,21134.25
2025-04-01,18078.89
2025-04-02,14325.94
2025-04-03,19857.02
2025-04-04,14440.76
2025-04-05,18146.54
2025-04-06,18923.66
2025-04-07,15556.57
2025-04-08,16351.72
2025-04-09,14606.19
2025-04-10,16057.69
2025-04-11,14880.21
2025-04-12,19689.98
2025-04-13,24333.91
2025-04-14,18011.66
2025-04-15,16947.88
2025-04-16,14470.9
2025-04-17,16528.93
2025-04-18,20615.0
2025-04-19,21732.96
2025-04-20,22439.15
2025-04-21,14769.51
2025-04-22,15277.12
2025-04-23,14845.43
2025-04-24,16537.23
2025-04-25,12839.68
2025-04-26,16444.56
2025-04-27,16421.54
2025-04-28,20135.37
2025-04-29,21537.26
2025-04-30,18202.39
2025-05-01,23513.38
2025-05-02,18530.0
2025-05-03,24651.3
2025-05-04,16700.63
2025-05-05,15708.18
2025-05-06,16841.67
2025-05-07,16117.02
2025-05-08,15641.71
2025-05-09,16890.37
2025-05-10,13446.04
2025-05-11,19680.06
2025-05-12,14356.88
2025-05-13,12551.73
2025-05-14,16152.69
2025-05-15,17481.16
2025-05-16,15161.31
2025-05-17,20208.5
2025-05-18,21428.95
2025-05-19,17403.27
2025-05-20,17906.41
2025-05-21,16528.16
2025-05-22,15505.13
2025-05-23,12926.07
2025-05-24,18018.86
2025-05-25,16918.67
2025-05-26,18743.25
2025-05-27,15131.83
2025-05-28,15595.28
2025-05-29,19509.55
2025-05-30,18573.79
2025-05-31,25958.01
2025-06-01,24980.89
2025-06-02,22635.72
2025-06-03,20558.72
2025-06-04,16066.28
2025-06-05,17380.32
2025-06-06,23981.86
2025-06-07,26586.61
2025-06-08,25860.28
2025-06-09,15920.68
2025-06-10,18375.33
2025-06-11,15743.96
2025-06-12,19944.72
2025-06-13,18692.01
2025-06-14,19007.77
2025-06-15,21566.76
2025-06-16,17153.86
2025-06-17,19144.47
2025-06-18,21042.9
2025-06-19,15078.79
2025-06-20,18775.71
2025-06-21,21921.82
2025-06-22,23778.44
2025-06-23,18968.0
2025-06-24,17178.53
2025-06-25,17985.87
2025-06-26,17102.75
2025-06-27,20584.99
2025-06-28,26824.48
2025-06-29,31862.06
2025-06-30,22178.72
2025-07-01,20737.0
2025-07-02,18943.06
2025-07-03,18300.24
2025-07-04,15660.42
2025-07-05,28663.0
2025-07-06,23474.13
2025-07-07,15674.21
2025-07-08,20288.05
2025-07-09,17724.97
2025-07-10,18901.39
2025-07-11,21635.0
2025-07-12,24366.89
2025-07-13,21764.79
2025-07-14,16979.82
2025-07-15,14632.46
2025-07-16,17306.62
2025-07-17,18257.18
2025-07-18,16812.74
2025-07-19,22095.17
2025-07-20,22565.08
2025-07-21,18244.44
2025-07-22,17454.01
2025-07-23,18985.57
2025-07-24,19499.25
2025-07-25,16640.69
